ID,이름,구분,열,종류,속성,ACT,최소 위력,최대 위력,타수,그림,애니메이션,설명,ACT 회복,위력 버프,보호 버프,버프 칸,저항 회복,저항 감소,상대 속성 조건,상대 종류 조건,고화력,위력 편차,짧은 이름,전투 상세,로비 목적,로비 효과,배지 주 문구,배지 주 문구(적),배지 주 기호,배지 주 색,배지 보조 문구,배지 보조 문구(적),배지 보조 기호,배지 보조 색,배지 요약
1,베기,시작,Q,공격,참격,1,4,5,1,,,다음 턴 ACT 회복량 +1,1,,,,,,,,,,ACT 회복,"다음 턴 ACT 회복량 +1.
상대 공격과 대결: 저항 피해 / 방어·빈 행동: 체력 피해 (방어 수치 차감)",다음 턴 ACT 회복,사용하면 다음 턴 ACT를 1 더 회복합니다.,ACT +1,플레이어 ACT,회복,회복,다음 턴,,ACT,회복,다음 턴 ACT 회복 +1
2,예리한 베기,시작,Q,공격,참격,2,11,15,2,,,칼을 휘둘러 상대의 약점을 베어냅니다.,,,,,,,,,O,,고화력·연타,"총 위력을 2회로 나누는 강한 공격.
상대 공격과 대결: 저항 피해 / 방어·빈 행동: 체력 피해 (방어 수치 차감)",,총 위력을 두 번에 나누어 공격합니다. 위력이 2배가 되는 것은 아닙니다.,,,,,,,,,
3,찌르기,시작,W,공격,관통,1,5,5,3,,,다음 기술 3개의 피해량 +10%,,10%,,3,,,,,,,후속 위력,"이번 턴의 이후 3슬롯의 공격·방어 위력 +10%.
상대 공격과 대결: 저항 피해 / 방어·빈 행동: 체력 피해 (방어 수치 차감)",뒤에 놓인 행동 강화,이 기술 뒤의 행동 3개는 공격·방어 위력이 10% 높아집니다. 이번 턴만 적용됩니다.,후속 +10%,,후속,후속,뒤 3칸,,타수,후속,"이번 턴 · 뒤 3칸 위력 +10%
공격·방어 모두 적용 · 위력 분할
소수점 버림 · 한 타 최소 1"
4,정교한 찌르기,시작,W,공격,관통,2,11,15,1,,,칼로 상대의 약한 부위를 꿰뚫습니다.,,,,,,,,,O,,고화력,"한 번에 위력을 싣는 단타 공격.
상대 공격과 대결: 저항 피해 / 방어·빈 행동: 체력 피해 (방어 수치 차감)",,,,,,,,,,,
5,부수기,시작,E,공격,타격,1,6,9,2,,,상대를 내리쳐 자세를 흐트러뜨립니다.,,,,,,,,,,,연타,"총 위력을 2회로 나누어 공격.
상대 공격과 대결: 저항 피해 / 방어·빈 행동: 체력 피해 (방어 수치 차감)",,총 위력을 두 번에 나누어 공격합니다. 위력이 2배가 되는 것은 아닙니다.,,,,,,,,,
6,강력한 부수기,시작,E,공격,타격,3,16,20,3,,,상대를 내려쳐 큰 피해를 줍니다.,,,,,,,,,O,,고화력·연타,"총 위력을 3회로 나누는 강한 공격.
상대 공격과 대결: 저항 피해 / 방어·빈 행동: 체력 피해 (방어 수치 차감)",,총 위력을 세 번에 나누어 공격합니다. 위력이 3배가 되는 것은 아닙니다.,,,,,,,,,
7,막기,시작,Q,방어,방어,1,5,8,1,,,상대 타격 기술에 대응하면 다음 턴 ACT 회복량 +2,2,,,,,,타격,,,,조건부 ACT,방어. 상대가 타격 기술이면 다음 턴 ACT 회복량 +2.,방어 + 조건부 ACT 회복,"같은 순서의 상대 공격이 타격 속성이면, 다음 턴 ACT를 2 더 회복합니다.",조건부 ACT +2,플레이어 ACT,회복,회복,타격 대응,,방어,방어,"같은 칸 상대가 타격일 때
다음 턴 ACT 회복 +2"
8,흘리기,시작,W,방어,방어,1,7,11,1,,,이 페이즈의 이후 기술에서 받는 피해량 -30%,,,30%,10,,,,,,,피해 감소,방어. 이번 턴의 이후 슬롯에서 받는 피해 -30% (최대 10슬롯).,방어 + 이후 피해 감소,이 기술 뒤에서 받는 피해가 30% 줄어듭니다. 이번 턴의 이후 행동 최대 10개에 적용됩니다.,피해 -30%,,방어,감소,후속 보호,,감소,감소,"이번 턴 · 뒤 최대 10칸
받는 피해 30% 감소"
9,쳐내기,시작,E,방어,방어,1,4,6,1,,,이 페이즈의 이후 기술 위력 +3%,,3%,,10,,,,,,,후속 위력,방어. 이번 턴의 이후 슬롯 공격·방어 위력 +3% (최대 10슬롯).,뒤에 놓인 행동 강화,이 기술 뒤 행동의 공격·방어 위력이 3% 높아집니다. 이번 턴의 이후 행동 최대 10개에 적용됩니다.,후속 +3%,,후속,후속,위력 지원,,검,후속,"이번 턴 · 뒤 최대 10칸 위력 +3%
공격·방어 모두 적용"
14,가로베기,획득,Q,공격,참격,1,6,12,1,10,,공격력 6~12 / 1회,,,,,,,,,,,단타,"부가 효과 없는 단타 공격.
상대 공격과 대결: 저항 피해 / 방어·빈 행동: 체력 피해 (방어 수치 차감)",,,,,,,,,,,
15,사선베기,획득,Q,공격,참격,1,7,10,2,11,,공격력 7~10 / 2회,,,,,,,,,,,연타,"부가 효과 없는 2연타 공격.
상대 공격과 대결: 저항 피해 / 방어·빈 행동: 체력 피해 (방어 수치 차감)",,총 위력을 두 번에 나누어 공격합니다. 위력이 2배가 되는 것은 아닙니다.,,,,,,,,,
16,알티바호,획득,W,공격,참격,5,3,20,1,12,,공격력 3~20 / 1회,,,,,,,,,,O,변동 한방,"위력 편차가 큰 단타 공격. 높은 위력이 보장되지는 않습니다.
상대 공격과 대결: 저항 피해 / 방어·빈 행동: 체력 피해 (방어 수치 차감)",,한 번 공격하며 위력 차이가 큽니다. 높은 위력이 항상 나오지는 않습니다.,위력 편차,,편차,편차,단타,,검,기본,"위력 편차가 큰 1회 공격
최대 위력이 보장되지는 않습니다."
17,호흡,획득,Q,방어,방어,2,9,12,1,13,,방어력 9~12,,,,,,,,,,,방어,부가 효과 없이 방어 수치로 상대 공격을 줄입니다.,,,,,,,,,,,
21,급소 찌르기,획득,W,공격,관통,3,12,17,1,14,,공격력 12~17 / 1회,,,,,,,,,O,,고화력,"한 번에 위력을 싣는 강한 찌르기.
상대 공격과 대결: 저항 피해 / 방어·빈 행동: 체력 피해 (방어 수치 차감)",,,,,,,,,,,
32,유연함,획득,W,방어,방어,2,8,12,1,15,,방어력 8~12,,,,,,,,,,,방어,부가 효과 없이 방어 수치로 상대 공격을 줄입니다.,,,,,,,,,,,
10,준비,획득,Q,공격,타격,1,2,3,1,3,,이번 턴의 다음 행동 공격·방어 위력 +30%,,30%,,1,,,,,,,다음 칸 강화,"이번 턴의 바로 다음 1슬롯 공격·방어 위력 +30%.
상대 공격과 대결: 저항 피해 / 방어·빈 행동: 체력 피해 (방어 수치 차감)",바로 다음 행동 강화,이번 턴의 바로 다음 칸에서 공격·방어 위력이 30% 높아집니다. 턴을 넘겨 유지되지 않습니다.,후속 +30%,,후속,후속,다음 1칸,,타수,후속,"이번 턴 · 바로 다음 1칸
공격·방어 위력 +30%"
12,플레슈,획득,E,공격,관통,1,4,8,2,1,,다음 턴 ACT 회복 +3 / 이번 턴의 다음 칸 받는 피해 배율 +50%,3,,-50%,1,,,,,,,ACT 회복·취약,"사용하면 다음 턴 ACT 회복량 +3 (플레이어 전용). 이번 턴의 바로 다음 1슬롯에서 받는 피해 배율 +50%. 총 위력을 2회로 나누어 공격.
상대 공격과 대결: 저항 피해 / 방어·빈 행동: 체력 피해 (방어 수치 차감)",ACT 회복 + 다음 칸 취약,사용하면 다음 턴 ACT를 3 더 회복합니다. 이번 턴의 바로 다음 칸에서 받는 피해 배율이 50% 늘어납니다. 총 위력을 두 번에 나누어 공격합니다.,ACT +3,플레이어 ACT,회복,회복,배율 +50%,,검,고화력,"다음 턴 ACT 회복 +3
이번 턴 · 다음 1칸 받는 피해 배율 +50%
위력 2회 분할 · 버림 · 한 타 최소 1"
19,르프리즈,획득,E,방어,방어,2,7,11,1,13,,시작 시 최대 저항력의 10% 회복 / 최대 저항력까지,,,,,10%,,,,,,저항 회복,방어. 기술 시작 시 최대 저항의 10%를 반올림해 회복합니다 (최대치까지).,방어 + 저항 회복,"기술 시작 시 최대 저항의 10%를 반올림해 회복합니다. 최대치를 넘지 않으며, 방어 수치로 같은 칸의 상대 공격을 줄입니다.",저항 회복,,회복,회복,최대치의 10%,,방어,방어,"기술 시작 시 최대 저항의 10% 회복
반올림 · 최대치 제한
같은 칸 상대 공격을 방어"
42,쿠페,획득,Q,공격,참격,1,4,8,1,10,,상대 방어 시 저항력 20 직접 감소 / 다음 턴 ACT 회복 +3,3,,,,,20,,방어,,,방어 대응·저항 감소,"기술 시작 시 같은 슬롯 상대가 방어이면 저항을 직접 20 감소시키고 다음 턴 ACT 회복량 +3 (ACT는 플레이어 전용). 초과 저항 감소는 체력 피해로 이어지지 않습니다.
상대 공격과 대결: 저항 피해 / 방어·빈 행동: 체력 피해 (방어 수치 차감)",방어 대응 + 저항 감소·ACT 회복,"기술 시작 시 같은 칸의 상대가 방어이면 저항을 직접 20 줄이고, 다음 턴 ACT를 3 더 회복합니다. 초과 감소는 체력 피해로 이어지지 않습니다.",저항 -20,,감소,방어,ACT +3,플레이어 ACT,회복,회복,"기술 시작 시 같은 칸 상대가 방어이면
저항 직접 -20 · 다음 턴 ACT +3
초과 저항 감소는 체력 피해 없음"
